antecedents_str,consequents_str,support,confidence,lift,leverage,conviction,antecedent_support,consequent_support
"giant, graveyard",OUTCOME=LOSS,0.01075684380032206,0.6242990654205607,1.2485981308411214,0.002141706924315619,1.3308457711442785,0.017230273752012883,0.5
"arrows, giant, graveyard",OUTCOME=LOSS,0.010359634997316156,0.6221792392005158,1.2443584784010315,0.0020343531937734825,1.3233788395904436,0.016650563607085347,0.5
"giant, giant-snowball-ev1",OUTCOME=LOSS,0.010080515297906602,0.6214427531436134,1.2428855062872268,0.0019699409554482013,1.3208041958041954,0.0162211486849168,0.5
"arrows, giant-snowball-ev1, graveyard",OUTCOME=LOSS,0.010209339774557166,0.6187378009108654,1.2374756018217308,0.0019592055823939893,1.3114334470989764,0.016500268384326354,0.5
"arrows, witch-ev1",OUTCOME=LOSS,0.016618357487922706,0.6164874551971327,1.2329749103942653,0.0031400966183574887,1.3037383177570094,0.026956521739130435,0.5
"arrows, minions",OUTCOME=LOSS,0.011089640365002684,0.6159809183064997,1.2319618366129994,0.0020880300590445516,1.3020186335403727,0.018003220611916265,0.5
"arrows, bowler, graveyard",OUTCOME=LOSS,0.010069779924852388,0.6146788990825688,1.2293577981651376,0.0018786902844873856,1.2976190476190474,0.016382179280730005,0.5
"bowler, giant",OUTCOME=LOSS,0.010134192163177671,0.6125892277741727,1.2251784555483454,0.0018625872249060666,1.2906197654941376,0.01654320987654321,0.5
"arrows, giant-snowball-ev1, guards",OUTCOME=LOSS,0.011808910359634998,0.6094182825484765,1.218836565096953,0.002120236178207193,1.2801418439716314,0.01937734836285561,0.5
"giant-snowball-ev1, graveyard",OUTCOME=LOSS,0.010874932903918411,0.6076784643071386,1.2153569286142771,0.0019269994632313478,1.2744648318042813,0.017895866881374126,0.5
"bowler, graveyard, guards",OUTCOME=LOSS,0.010585077831454643,0.6056511056511056,1.2113022113022112,0.0018464841653247441,1.2679127725856696,0.017477187332259798,0.5
"arrows, giant-snowball-ev1",OUTCOME=LOSS,0.013698336017176597,0.6056003796867584,1.2112007593735168,0.0023886205045625334,1.2677496991576414,0.022619431025228127,0.5
"arrows, graveyard",OUTCOME=LOSS,0.012034353193773484,0.6046386192017261,1.2092772384034522,0.0020826623725174465,1.264665757162347,0.019903381642512076,0.5
firecracker,OUTCOME=LOSS,0.011873322597960279,0.6020685900925422,1.2041371801850844,0.0020128824476650566,1.256497948016416,0.019720880300590445,0.5
"elixir-golem, goblin-machine, rage",OUTCOME=LOSS,0.011626409017713366,0.599004424778761,1.198008849557522,0.0019216317767042409,1.246896551724138,0.01940955448201825,0.5
"giant, guards",OUTCOME=LOSS,0.011755233494363929,0.5980338612779901,1.1960677225559802,0.001926999463231346,1.243885869565217,0.019656468062265165,0.5
"elixir-golem, rage",OUTCOME=LOSS,0.015276435856146001,0.5961457896941768,1.1922915793883535,0.0024637681159420284,1.238070539419087,0.025625335480407945,0.5
"arrows, elixir-golem, rage",OUTCOME=LOSS,0.012367149758454106,0.5947341249354672,1.1894682498709344,0.0019699409554482013,1.2337579617834393,0.02079441760601181,0.5
"elixir-golem, night-witch, rage",OUTCOME=LOSS,0.012603327965646807,0.5947315096251267,1.1894630192502533,0.0020075147611379497,1.2337500000000001,0.021191626409017714,0.5
"elixir-golem, goblin-machine, skeleton-king",OUTCOME=LOSS,0.01037037037037037,0.5937307928703134,1.1874615857406268,0.0016371443907675781,1.2307110438729196,0.017466451959205584,0.5
"elixir-golem, night-witch",OUTCOME=LOSS,0.014492753623188406,0.5936675461741425,1.187335092348285,0.002286634460547504,1.2305194805194806,0.024412238325281804,0.5
"elixir-golem, goblin-machine",OUTCOME=LOSS,0.013247450348899624,0.5932692307692308,1.1865384615384615,0.0020826623725174447,1.2293144208037825,0.022329575952764358,0.5
"night-witch, rage",OUTCOME=LOSS,0.012893183038110574,0.5927936821322803,1.1855873642645607,0.0020182501341921635,1.2278787878787878,0.021749865807836822,0.5
"arrows, night-witch, rage",OUTCOME=LOSS,0.011014492753623189,0.5923787528868361,1.1847575057736721,0.0017176596886741818,1.226628895184136,0.018593666129898014,0.5
"arrows, elixir-golem, night-witch",OUTCOME=LOSS,0.012345679012345678,0.5915637860082303,1.1831275720164607,0.0019108964036500253,1.224181360201511,0.020869565217391306,0.5
"bowler, graveyard",OUTCOME=LOSS,0.012807300053676866,0.5914724838869608,1.1829449677739217,0.001980676328502415,1.2239077669902914,0.0216532474503489,0.5
"arrows, elixir-golem, goblin-machine",OUTCOME=LOSS,0.010789049919484702,0.5897887323943662,1.1795774647887325,0.0016425120772946868,1.218884120171674,0.01829307568438003,0.5
elixir-golem,OUTCOME=LOSS,0.02038647342995169,0.5897515527950311,1.1795031055900622,0.003102522812667742,1.218773656320969,0.0345679012345679,0.5
"elixir-golem, goblin-machine, night-witch",OUTCOME=LOSS,0.010971551261406334,0.5897287939988459,1.1794575879976918,0.0016693505099302196,1.2187060478199718,0.018604401502952228,0.5
bats,OUTCOME=LOSS,0.014138486312399355,0.5892617449664429,1.1785234899328858,0.002141706924315619,1.2173202614379084,0.023993558776167472,0.5
"goblin-machine, night-witch, rage",OUTCOME=LOSS,0.010069779924852388,0.5880877742946709,1.1761755485893417,0.0015083199141170157,1.2138508371385084,0.017122920021470745,0.5
"elixir-golem, rage, skeleton-king",OUTCOME=LOSS,0.011014492753623189,0.5879656160458453,1.1759312320916906,0.0016478797638217937,1.2134909596662031,0.01873322597960279,0.5
"elixir-golem, skeleton-king",OUTCOME=LOSS,0.012270531400966183,0.5876606683804627,1.1753213367609254,0.0018303811057434251,1.2125935162094763,0.020880300590445516,0.5
"graveyard, guards",OUTCOME=LOSS,0.012678475577026302,0.5875621890547263,1.1751243781094527,0.0018894256575415994,1.212303980699638,0.021578099838969404,0.5
"rage, skeleton-king",OUTCOME=LOSS,0.011239935587761674,0.5875420875420875,1.175084175084175,0.0016747181964573265,1.2122448979591836,0.019130434782608695,0.5
"goblin-machine, night-witch",OUTCOME=LOSS,0.011218464841653248,0.5857623318385651,1.1715246636771302,0.0016425120772946868,1.2070365358592694,0.019151905528717122,0.5
"night-witch, skeleton-king",OUTCOME=LOSS,0.010993022007514761,0.5844748858447488,1.1689497716894977,0.0015888352120236177,1.2032967032967032,0.018808373590982287,0.5
"arrows, elixir-golem, skeleton-king",OUTCOME=LOSS,0.010628019323671498,0.5844155844155845,1.168831168831169,0.0015351583467525503,1.2031250000000002,0.018185721953837896,0.5
"graveyard, witch-ev1",OUTCOME=LOSS,0.016360708534621578,0.5841318512840168,1.1682637025680336,0.002356414385399892,1.2023041474654377,0.02800858829844337,0.5
"elixir-golem, night-witch, skeleton-king",OUTCOME=LOSS,0.010381105743424584,0.5828812537673297,1.1657625075346594,0.0014761137949543743,1.1986994219653178,0.01780998389694042,0.5
"arrows, elixir-golem",OUTCOME=LOSS,0.01559849704777241,0.5823647294589178,1.1647294589178356,0.002206119162640902,1.1972168905950096,0.026784755770263017,0.5
"goblin-machine, skeleton-king",OUTCOME=LOSS,0.011046698872785829,0.5823429541595925,1.164685908319185,0.0015619967793880831,1.1971544715447153,0.01896940418679549,0.5
minions,OUTCOME=LOSS,0.014428341384863125,0.5808124459809854,1.1616248919619707,0.0020075147611379497,1.1927835051546394,0.02484165324745035,0.5
skeleton-army,OUTCOME=LOSS,0.010477724100912507,0.5788849347568209,1.1577698695136418,0.0014278046162104138,1.1873239436619718,0.018099838969404185,0.5
"arrows, giant",OUTCOME=LOSS,0.01628556092324208,0.5772450532724505,1.154490106544901,0.0021792807300053656,1.1827182718271825,0.02821256038647343,0.5
firecracker-ev1,OUTCOME=LOSS,0.03595276435856146,0.5752318790793542,1.1504637581587085,0.004702093397745577,1.1771128184391428,0.06250134192163177,0.5
"goblin-gang, mighty-miner",OUTCOME=LOSS,0.010381105743424584,0.5738872403560832,1.1477744807121664,0.001336553945249598,1.173398328690808,0.01808910359634997,0.5
"royal-hogs, zappies",OUTCOME=LOSS,0.017874396135265702,0.5721649484536083,1.1443298969072166,0.002254428341384864,1.1686746987951808,0.031239935587761676,0.5
"royal-hogs, royal-recruits-ev1, zappies",OUTCOME=LOSS,0.01775630703166935,0.5711325966850829,1.1422651933701657,0.002211486849168009,1.1658615136876007,0.031089640365002683,0.5
"flying-machine, royal-hogs, zappies",OUTCOME=LOSS,0.01752012882447665,0.5708289611752361,1.1416579223504721,0.0021739130434782605,1.1650366748166259,0.030692431561996778,0.5
"arrows, bowler",OUTCOME=LOSS,0.012893183038110574,0.5708174904942965,1.141634980988593,0.0015995705850778315,1.1650055370985601,0.022587224906065486,0.5
"bowler, guards",OUTCOME=LOSS,0.012667740203972088,0.5700483091787439,1.1400966183574879,0.0015566290928609762,1.1629213483146066,0.022222222222222223,0.5
"flying-machine, zappies",OUTCOME=LOSS,0.018958668813741277,0.5696774193548386,1.1393548387096772,0.0023188405797101436,1.16191904047976,0.03327965646806227,0.5
"flying-machine, royal-recruits-ev1, zappies",OUTCOME=LOSS,0.018851315083199142,0.5690213869086196,1.1380427738172392,0.0022866344605475056,1.1601503759398497,0.033129361245303274,0.5
"royal-recruits-ev1, zappies",OUTCOME=LOSS,0.019484702093397744,0.568787214039486,1.137574428078972,0.00235641438539989,1.159520348837209,0.03425657541599571,0.5
"arrows, skeletons-ev1",OUTCOME=LOSS,0.010542136339237788,0.5679583574320416,1.1359167148640832,0.0012614063338701013,1.1572958500669344,0.018561460010735373,0.5
night-witch,OUTCOME=LOSS,0.021320450885668276,0.567590740211489,1.135181480422978,0.002538915727321525,1.1563119629874423,0.0375630703166935,0.5
"goblin-cage-ev1, royal-hogs, zappies",OUTCOME=LOSS,0.017004830917874397,0.5675385166606951,1.1350770333213902,0.0020236178207192704,1.156172328086164,0.029962426194310252,0.5
"goblin-cage-ev1, zappies",OUTCOME=LOSS,0.01793880837359098,0.5672097759674134,1.1344195519348268,0.0021256038647342983,1.1552941176470588,0.03162640901771337,0.5
"flying-machine, goblin-cage-ev1, zappies",OUTCOME=LOSS,0.017713365539452495,0.5672052251632863,1.1344104503265726,0.0020987654320987637,1.1552819698173151,0.031229200214707462,0.5
"goblin-cage-ev1, royal-recruits-ev1, zappies",OUTCOME=LOSS,0.017874396135265702,0.5669050051072523,1.1338100102145046,0.0021095008051529793,1.1544811320754715,0.031529790660225446,0.5
"arrows, night-witch",OUTCOME=LOSS,0.017101449275362317,0.566098081023454,1.132196162046908,0.001996779388083734,1.1523341523341522,0.030209339774557167,0.5
"fireball, royal-recruits-ev1",OUTCOME=LOSS,0.011411701556629093,0.566027689030884,1.132055378061768,0.0013311862587224912,1.1521472392638037,0.020161030595813204,0.5
"arrows, royal-hogs, zappies",OUTCOME=LOSS,0.015684380032206117,0.5654024767801857,1.1308049535603715,0.0018142780461621027,1.1504897595725734,0.02774020397208803,0.5
"barbarian-barrel, royal-hogs, zappies",OUTCOME=LOSS,0.015136876006441223,0.5649038461538461,1.1298076923076923,0.0017391304347826077,1.149171270718232,0.02679549114331723,0.5
"barbarian-barrel, royal-recruits-ev1, zappies",OUTCOME=LOSS,0.01600644122383253,0.5645588792124195,1.129117758424839,0.0018303811057434251,1.1482608695652174,0.028352120236178207,0.5
"barbarian-barrel, flying-machine, zappies",OUTCOME=LOSS,0.01583467525496511,0.5640535372848949,1.1281070745697899,0.0017981749865807854,1.1469298245614037,0.02807300053676865,0.5
"goblin-cage-ev1, royal-hogs",OUTCOME=LOSS,0.01896940418679549,0.5620229007633587,1.1240458015267174,0.002093397745571657,1.1416122004357296,0.03375201288244767,0.5
"barbarian-barrel, zappies",OUTCOME=LOSS,0.016586151368760065,0.5620225536558748,1.1240451073117497,0.0018303811057434251,1.1416112956810631,0.02951154052603328,0.5
"arrows, royal-recruits-ev1, zappies",OUTCOME=LOSS,0.017122920021470745,0.5618175413878126,1.1236350827756252,0.0018840579710144925,1.1410771704180065,0.030477724100912505,0.5
"flying-machine, goblin-cage-ev1, royal-recruits-ev1",OUTCOME=LOSS,0.019742351046698872,0.5616982284667074,1.1233964569334147,0.0021685453569511536,1.140766550522648,0.03514761137949544,0.5
"arrows, flying-machine, zappies",OUTCOME=LOSS,0.016736446591519055,0.5615994236311239,1.1231988472622478,0.0018357487922705303,1.1405094494658998,0.02980139559849705,0.5
"goblin-cage-ev1, royal-recruits-ev1",OUTCOME=LOSS,0.020332796564680622,0.5615179365549955,1.123035873109991,0.002227589908749328,1.1402974983096685,0.03621041331186259,0.5
"barbarian-barrel, goblin-cage-ev1, zappies",OUTCOME=LOSS,0.015394524959742351,0.5605942142298671,1.1211884284597342,0.0016639828234031127,1.137900355871886,0.027461084272678477,0.5
"goblin-cage-ev1, royal-hogs, royal-recruits-ev1",OUTCOME=LOSS,0.01866881374127751,0.5602448453608248,1.1204896907216495,0.0020075147611379497,1.136996336996337,0.03332259796027912,0.5
"royal-hogs, royal-recruits-ev1",OUTCOME=LOSS,0.021782071926999463,0.5597241379310345,1.119448275862069,0.002324208266237252,1.1356516290726817,0.03891572732152442,0.5
"arrows, goblin-cage-ev1, zappies",OUTCOME=LOSS,0.01585614600107354,0.5596816976127321,1.1193633952254642,0.001690821256038649,1.135542168674699,0.02833064949006978,0.5
"flying-machine, goblin-cage-ev1, royal-hogs",OUTCOME=LOSS,0.01840042941492217,0.5593994778067884,1.118798955613577,0.0019538378958668806,1.1348148148148147,0.03289318303811058,0.5
witch-ev1,OUTCOME=LOSS,0.0520450885668277,0.5590405904059041,1.1180811808118083,0.005496511003757386,1.1338912133891215,0.09309715512614063,0.5
zappies,OUTCOME=LOSS,0.021341921631776704,0.5588979477087433,1.1177958954174867,0.0022490606548577555,1.1335245379222436,0.038185721953837896,0.5
"arrows, zappies",OUTCOME=LOSS,0.017767042404723564,0.5578024941017863,1.1156049882035726,0.0018411164787976372,1.130716463414634,0.03185185185185185,0.5
graveyard,OUTCOME=LOSS,0.028523886205045625,0.5571398616062068,1.1142797232124135,0.0029253891572732157,1.1290246212121213,0.05119699409554482,0.5
"arrows, barbarian-barrel, zappies",OUTCOME=LOSS,0.014106280193236715,0.5570156846121238,1.1140313692242476,0.0014439076757917346,1.1287081339712919,0.02532474503488996,0.5
"barbarian-barrel, flying-machine, goblin-cage-ev1",OUTCOME=LOSS,0.016757917337627482,0.5561097256857855,1.112219451371571,0.0016908212560386472,1.1264044943820224,0.03013419216317767,0.5
"barbarian-barrel, goblin-cage-ev1, royal-recruits-ev1",OUTCOME=LOSS,0.0169296833064949,0.5558688755727881,1.1117377511455762,0.0017015566290928593,1.1257936507936506,0.03045625335480408,0.5
"flying-machine, royal-hogs, royal-recruits-ev1",OUTCOME=LOSS,0.020654857756307033,0.5557481224725592,1.1114962449451185,0.0020719269994632326,1.125487646293888,0.0371658615136876,0.5
"flying-machine, royal-hogs",OUTCOME=LOSS,0.020815888352120237,0.5557466322728576,1.1114932645457152,0.0020880300590445516,1.125483870967742,0.03745571658615137,0.5
"firecracker-ev1, the-log",OUTCOME=LOSS,0.023478260869565216,0.5550761421319796,1.1101522842639593,0.0023295759527643574,1.1237877923559612,0.04229736983360172,0.5
"arrows, goblin-cage-ev1, royal-recruits-ev1",OUTCOME=LOSS,0.017949543746645195,0.5549286425489545,1.109857285097909,0.0017767042404723543,1.123415361670395,0.03234567901234568,0.5
"arrows, goblin-cage-ev1, royal-hogs",OUTCOME=LOSS,0.01652173913043478,0.5545945945945946,1.1091891891891892,0.0016264090177133643,1.1225728155339805,0.029790660225442835,0.5
"barbarian-barrel, royal-hogs, royal-recruits-ev1",OUTCOME=LOSS,0.017434245840042942,0.5540771067894916,1.1081542135789832,0.001701556629092861,1.1212700841622034,0.03146537842190016,0.5
"barbarian-barrel, goblin-cage-ev1, royal-hogs",OUTCOME=LOSS,0.015995705850778315,0.5530809205642168,1.1061618411284335,0.0015351583467525503,1.1187707641196012,0.02892109500805153,0.5
"barbarian-barrel, flying-machine",OUTCOME=LOSS,0.019130434782608695,0.5527295285359801,1.1054590570719602,0.0018250134192163182,1.117891816920943,0.03461084272678475,0.5
"barbarian-barrel, flying-machine, royal-hogs",OUTCOME=LOSS,0.017026301663982824,0.5522284122562674,1.1044568245125348,0.0016103059581320453,1.1166407465007775,0.030831991411701558,0.5
"barbarian-barrel, royal-hogs",OUTCOME=LOSS,0.017874396135265702,0.5518727212462712,1.1037454424925424,0.0016800858829844369,1.1157544378698225,0.03238862050456253,0.5
"barbarian-barrel, flying-machine, royal-recruits-ev1",OUTCOME=LOSS,0.018658078368223297,0.5517460317460319,1.1034920634920637,0.001749865807836825,1.1154390934844196,0.033816425120772944,0.5
"arrows, royal-hogs, royal-recruits-ev1",OUTCOME=LOSS,0.018958668813741277,0.5508421709295072,1.1016843418590143,0.0017498658078368215,1.1131944444444444,0.03441760601180891,0.5
"barbarian-barrel, royal-recruits-ev1",OUTCOME=LOSS,0.0204723564143854,0.5506786023678892,1.1013572047357785,0.001884057971014496,1.1127892030848332,0.03717659688674181,0.5
"arrows, barbarian-barrel, goblin-cage-ev1",OUTCOME=LOSS,0.014986580783682233,0.5498227648680583,1.0996455297361165,0.001358024691358024,1.110673665791776,0.027257112184648418,0.5
"arrows, royal-hogs",OUTCOME=LOSS,0.01994632313472893,0.5472754050073638,1.0945508100147276,0.0017230273752012887,1.1044242029928433,0.036446591519055285,0.5
"arrows, flying-machine, royal-hogs",OUTCOME=LOSS,0.018303811057434245,0.5468248877485568,1.0936497754971135,0.00156736446591519,1.1033262561924981,0.03347289318303811,0.5
"arrows, barbarian-barrel, flying-machine",OUTCOME=LOSS,0.01652173913043478,0.5459382759843916,1.0918765519687832,0.0013902308105206637,1.101171875,0.030263016639828236,0.5
"arrows, barbarian-barrel, royal-recruits-ev1",OUTCOME=LOSS,0.017348362855609232,0.5455773126266037,1.0911546252532074,0.0014492753623188415,1.1002971768202081,0.03179817498658078,0.5
"arrows, barbarian-barrel, royal-hogs",OUTCOME=LOSS,0.01515834675254965,0.5453843182696021,1.0907686365392042,0.0012614063338701013,1.0998300764655904,0.0277938808373591,0.5
"goblin-gang, royal-recruits-ev1",OUTCOME=LOSS,0.02206119162640902,0.5445151033386327,1.0890302066772655,0.0018035426731078906,1.0977312390924956,0.04051529790660226,0.5
bomber-ev1,OUTCOME=LOSS,0.014471282877079978,0.5435483870967742,1.0870967741935484,0.0011594202898550718,1.0954063604240283,0.026623725174449813,0.5
tombstone,OUTCOME=LOSS,0.010542136339237788,0.5431415929203539,1.0862831858407078,0.0008373590982286624,1.0944309927360774,0.01940955448201825,0.5
"earthquake, firecracker-ev1",OUTCOME=LOSS,0.015394524959742351,0.5429761453994699,1.0859522907989398,0.0012184648416532478,1.0940347970173985,0.028352120236178207,0.5
royal-recruits-ev1,OUTCOME=LOSS,0.054761137949543744,0.5427173103521651,1.0854346207043302,0.004310252281266774,1.0934155421126104,0.10090177133655394,0.5
"flying-machine, royal-recruits-ev1",OUTCOME=LOSS,0.029500805152979065,0.5412645262950562,1.0825290525901123,0.0022490606548577555,1.0899527694289395,0.05450348899624262,0.5
"archers-ev1, arrows",OUTCOME=LOSS,0.012098765432098766,0.5407869481765835,1.081573896353167,0.0009125067096081591,1.0888192267502612,0.022372517444981213,0.5
skeleton-barrel,OUTCOME=LOSS,0.019957058507783145,0.5405641174760105,1.081128234952021,0.001497584541062802,1.0882911392405064,0.036918947933440686,0.5
"fisherman, lightning, the-log",OUTCOME=LOSS,0.012313472893183039,0.5405278039585297,1.0810556079170595,0.0009232420826623729,1.0882051282051284,0.02278046162104133,0.5
"arrows, goblin-gang, royal-recruits-ev1",OUTCOME=LOSS,0.01961352657004831,0.5403726708074534,1.0807453416149069,0.0014653784219001605,1.087837837837838,0.0362962962962963,0.5
"arrows, barbarian-barrel",OUTCOME=LOSS,0.020214707461084273,0.5400057355893318,1.0800114711786637,0.001497584541062802,1.0869700748129676,0.03743424584004294,0.5
giant,OUTCOME=LOSS,0.0228341384863124,0.539436976921126,1.078873953842252,0.0016693505099302196,1.0856277533039647,0.04232957595276436,0.5
"firecracker-ev1, hog-rider",OUTCOME=LOSS,0.01958132045088567,0.5391664203369789,1.0783328406739578,0.0014224369296833052,1.0849903784477226,0.036317767042404726,0.5
"arrows, royal-recruits-ev1",OUTCOME=LOSS,0.046806226516371445,0.5390035851155891,1.0780071702311782,0.0033870101986043996,1.0846071332796998,0.08683843263553409,0.5
"earthquake, firecracker-ev1, the-log",OUTCOME=LOSS,0.014836285560923241,0.5387914230019493,1.0775828460038985,0.001068169618894256,1.0841081994928148,0.02753623188405797,0.5
"boss-bandit, goblin-gang",OUTCOME=LOSS,0.011798174986580784,0.5387254901960785,1.077450980392157,0.0008480944712828779,1.0839532412327313,0.021900161030595812,0.5
"lightning, royal-giant-ev1, the-log",OUTCOME=LOSS,0.012710681696188943,0.5386715195632393,1.0773430391264787,0.0009125067096081591,1.0838264299802762,0.023596349973161568,0.5
"goblin-gang, royal-recruits-ev1, wall-breakers-ev1",OUTCOME=LOSS,0.01166935050993022,0.5386521308225966,1.077304261645193,0.0008373590982286624,1.0837808807733618,0.021663982823403115,0.5
"knight-ev1, poison",OUTCOME=LOSS,0.011035963499731617,0.5385018334206392,1.0770036668412784,0.0007890499194847037,1.0834279228149832,0.020493827160493826,0.5
"arrows, boss-bandit",OUTCOME=LOSS,0.017305421363392377,0.5380507343124166,1.0761014686248331,0.0012238325281803547,1.0823699421965318,0.032163177670424044,0.5
"electro-spirit, fisherman, lightning",OUTCOME=LOSS,0.01225979602791197,0.5376647834274952,1.0753295668549905,0.00085882984433709,1.0814663951120163,0.02280193236714976,0.5
"earthquake, hog-rider",OUTCOME=LOSS,0.016253354804079443,0.5374511892083778,1.0749023784167555,0.001132581857219539,1.0809669992325404,0.030241545893719808,0.5
"earthquake, hog-rider, the-log",OUTCOME=LOSS,0.015534084809447127,0.5371195248700816,1.0742390497401633,0.001073537305421363,1.0801924619085805,0.02892109500805153,0.5
earthquake,OUTCOME=LOSS,0.02463768115942029,0.5368421052631579,1.0736842105263158,0.0016908212560386472,1.0795454545454546,0.04589371980676329,0.5
"earthquake, hog-rider, skeletons",OUTCOME=LOSS,0.011819645732689212,0.5362883584997564,1.0725767169995128,0.0007997852925389157,1.0782563025210083,0.02203972088030059,0.5
royal-hogs,OUTCOME=LOSS,0.039581320450885665,0.5359790667248147,1.0719581334496293,0.0026570048309178737,1.0775375939849625,0.07384863123993558,0.5
"fisherman, lightning, royal-giant-ev1",OUTCOME=LOSS,0.013054213633923778,0.5359189070074922,1.0718378140149845,0.0008749329039184107,1.077397910731244,0.024358561460010735,0.5
"electro-spirit, lightning, the-log",OUTCOME=LOSS,0.012281266774020397,0.5358313817330211,1.0716627634660423,0.0008212560386473434,1.077194752774975,0.022920021470746108,0.5
"earthquake, firecracker-ev1, hog-rider",OUTCOME=LOSS,0.014374664519592056,0.5358143257302921,1.0716286514605842,0.0009608158883521196,1.077155172413793,0.026827697262479872,0.5
"boss-bandit, the-log",OUTCOME=LOSS,0.02079441760601181,0.535674778761062,1.071349557522124,0.0013848631239935585,1.0768314472900535,0.0388191089640365,0.5
"royal-recruits-ev1, wall-breakers-ev1",OUTCOME=LOSS,0.012453032742887815,0.5355493998153278,1.0710987996306556,0.0008266237251744486,1.0765407554671969,0.023252818035426732,0.5
"monk, the-log",OUTCOME=LOSS,0.014750402576489532,0.5348384585441806,1.069676917088361,0.0009608158883521196,1.0748953974895397,0.027579173376274826,0.5
"earthquake, firecracker-ev1, skeletons",OUTCOME=LOSS,0.011154052603327965,0.5344650205761317,1.0689300411522633,0.0007192699946323121,1.0740331491712707,0.020869565217391306,0.5
"hog-rider, skeletons",OUTCOME=LOSS,0.02195383789586688,0.5342215256008359,1.0684430512016718,0.0014063338701019862,1.0734716769489623,0.04109500805152979,0.5
"goblin-gang, skeleton-barrel",OUTCOME=LOSS,0.01391304347826087,0.5342126957955482,1.0684253915910964,0.0008910359634997315,1.0734513274336281,0.026044015029522277,0.5
"arrows, flying-machine, royal-recruits-ev1",OUTCOME=LOSS,0.026129898013955984,0.5341233267500548,1.0682466535001096,0.0016693505099302196,1.0732454074422986,0.04892109500805153,0.5
"firecracker-ev1, hog-rider, skeletons",OUTCOME=LOSS,0.012216854535695116,0.5340215861098077,1.0680431722196153,0.0007783145464304898,1.0730110775427997,0.022877079978529252,0.5
hog-rider,OUTCOME=LOSS,0.04263016639828234,0.5339518623100713,1.0679037246201426,0.0027106816961889463,1.072850548182343,0.07983896940418679,0.5
"firecracker-ev1, hog-rider, the-log",OUTCOME=LOSS,0.016972624798711755,0.5339412360688957,1.0678824721377913,0.0010789049919484699,1.0728260869565218,0.03178743961352657,0.5
"arrows, royal-recruits-ev1, wall-breakers-ev1",OUTCOME=LOSS,0.011422436929683307,0.5338685398896137,1.0677370797792274,0.0007246376811594207,1.0726587728740582,0.021395598497047773,0.5
"lightning, royal-giant-ev1",OUTCOME=LOSS,0.01411701556629093,0.5328200972447327,1.0656401944894653,0.0008695652173913056,1.0702515177797054,0.026494900697799247,0.5
"electro-spirit, lightning, royal-giant-ev1",OUTCOME=LOSS,0.012538915727321524,0.5323609845031905,1.064721969006381,0.0007622114868491674,1.0692007797270955,0.023553408480944713,0.5
"hog-rider, skeletons, the-log",OUTCOME=LOSS,0.02106280193236715,0.5319956616052061,1.0639913232104121,0.00126677402039721,1.0683661645422944,0.03959205582393988,0.5
"earthquake, the-log",OUTCOME=LOSS,0.022683843263553407,0.5314386317907445,1.062877263581489,0.0013419216317767033,1.0670960815888353,0.04268384326355341,0.5
"hunter-ev1, monk",OUTCOME=LOSS,0.013387010198604402,0.5313165743502344,1.0626331487004688,0.0007890499194847019,1.0668181818181819,0.0251959205582394,0.5
"graveyard, knight-ev1",OUTCOME=LOSS,0.010799785292538916,0.5308707124010554,1.0617414248021109,0.0006280193236714981,1.065804274465692,0.020343531937734836,0.5
"arrows, guards",OUTCOME=LOSS,0.03434245840042942,0.5300745650372826,1.0601491300745651,0.0019484702093397754,1.0639985895627646,0.06478797638217929,0.5
"hog-rider, ice-spirit-ev1, skeletons",OUTCOME=LOSS,0.01269994632313473,0.5295434198746642,1.0590868397493285,0.0007085346215781,1.0627973358705993,0.02398282340311326,0.5
"flying-machine, goblin-cage-ev1",OUTCOME=LOSS,0.02508856682769726,0.529451744449479,1.058903488898958,0.0013955984970477724,1.0625902744342803,0.04738593666129898,0.5
"firecracker-ev1, skeletons",OUTCOME=LOSS,0.01509393451422437,0.5291682348513361,1.0583364697026723,0.0008319914117015572,1.0619504396482815,0.028523886205045625,0.5
"barbarian-barrel, goblin-cage-ev1",OUTCOME=LOSS,0.02168545356951154,0.5289342759884786,1.0578685519769573,0.0011862587224906046,1.0614230127848805,0.04099838969404187,0.5
"arrows, skeleton-king",OUTCOME=LOSS,0.02133118625872249,0.528738690792975,1.05747738158595,0.0011594202898550718,1.0609824957651044,0.040343531937734836,0.5
electro-dragon-ev1,OUTCOME=LOSS,0.023682232957595275,0.5286364725617062,1.0572729451234124,0.001282877079978529,1.0607524148449414,0.04479871175523349,0.5
"hunter-ev1, monk, the-log",OUTCOME=LOSS,0.011884057971014493,0.5281488549618321,1.0562977099236641,0.000633387010198605,1.0596562184024267,0.022501341921631775,0.5
"graveyard, poison",OUTCOME=LOSS,0.013290391841116479,0.5274818917767362,1.0549637835534724,0.0006924315619967793,1.0581605049594227,0.0251959205582394,0.5
"lightning, witch-ev1",OUTCOME=LOSS,0.022973698336017177,0.5273533760473139,1.0547067520946278,0.0011916264090177132,1.0578727841501563,0.04356414385399893,0.5
"the-log, witch-ev1",OUTCOME=LOSS,0.02269457863660762,0.5273135445248192,1.0546270890496383,0.0011755233494363908,1.0577836411609498,0.04303811057434246,0.5
"hunter-ev1, the-log",OUTCOME=LOSS,0.017530864197530863,0.5269441755404969,1.0538883510809938,0.0008964036500268384,1.056957708049113,0.03326892109500805,0.5
"skeletons, witch-ev1",OUTCOME=LOSS,0.018947933440687063,0.526865671641791,1.053731343283582,0.0009661835748792265,1.056782334384858,0.035963499731615674,0.5
"arrows, golden-knight",OUTCOME=LOSS,0.011615673644659152,0.5262645914396887,1.0525291828793775,0.0005797101449275359,1.055441478439425,0.022071926999463233,0.5
"hunter-ev1, monk, royal-giant-ev1",OUTCOME=LOSS,0.012624798711755234,0.5261744966442953,1.0523489932885906,0.0006280193236714981,1.0552407932011332,0.023993558776167472,0.5
"electro-spirit, monk, the-log",OUTCOME=LOSS,0.012581857219538379,0.526032315978456,1.052064631956912,0.0006226516371443912,1.0549242424242424,0.023918411164787975,0.5
"hunter-ev1, royal-giant-ev1, the-log",OUTCOME=LOSS,0.016382179280730005,0.5258442453480359,1.0516884906960717,0.0008051529790660227,1.0545058139534884,0.031154052603327965,0.5
"hog-rider, the-log",OUTCOME=LOSS,0.03200214707461084,0.5257495590828923,1.0514991181657847,0.0015673644659151865,1.054295277054667,0.06086956521739131,0.5
"earthquake, skeletons",OUTCOME=LOSS,0.017144390767579173,0.5256747860434496,1.0513495720868993,0.0008373590982286641,1.0541290770298404,0.03261406333870102,0.5
"monk, royal-giant-ev1",OUTCOME=LOSS,0.014524959742351047,0.5256410256410257,1.0512820512820513,0.0007085346215781,1.0540540540540542,0.027632850241545895,0.5
"fisherman, monk, royal-giant-ev1",OUTCOME=LOSS,0.013784219001610306,0.5255832992222677,1.0511665984445353,0.0006709608158883516,1.0539257981018118,0.02622651637144391,0.5
"firecracker-ev1, skeletons, the-log",OUTCOME=LOSS,0.014074074074074074,0.5254509018036072,1.0509018036072144,0.0006816961889425655,1.0536317567567568,0.026784755770263017,0.5
"monk, royal-giant-ev1, the-log",OUTCOME=LOSS,0.012860976918947933,0.5252082419991232,1.0504164839982464,0.0006172839506172843,1.0530932594644506,0.024487385936661298,0.5
"electro-spirit, hunter-ev1, monk",OUTCOME=LOSS,0.012313472893183039,0.5251831501831502,1.0503663003663004,0.0005904455179817497,1.0530376084860174,0.023446054750402578,0.5
"electro-spirit, monk, royal-giant-ev1",OUTCOME=LOSS,0.013687600644122383,0.5249073692877728,1.0498147385755456,0.0006494900697799257,1.0524263431542462,0.026076221148684915,0.5
flying-machine,OUTCOME=LOSS,0.03890499194847021,0.5248370745836352,1.0496741491672703,0.0018411164787976442,1.0522706491923197,0.07412775093934514,0.5
"electro-spirit, lightning",OUTCOME=LOSS,0.014632313472893184,0.5246343341031563,1.0492686682063126,0.0006870638754696741,1.051821862348178,0.02789049919484702,0.5
"electro-spirit, fisherman, monk",OUTCOME=LOSS,0.013344068706387546,0.5244725738396624,1.0489451476793248,0.0006226516371443894,1.051464063886424,0.025442834138486314,0.5
"electro-spirit, hunter-ev1, the-log",OUTCOME=LOSS,0.016081588835212022,0.5243262163108156,1.048652432621631,0.0007461084272678466,1.051140544518028,0.03067096081588835,0.5
"electro-spirit, monk",OUTCOME=LOSS,0.014546430488459473,0.5241779497098645,1.048355899419729,0.0006709608158883516,1.050813008130081,0.027750939345142243,0.5
"earthquake, skeletons, the-log",OUTCOME=LOSS,0.016768652710681696,0.5241610738255034,1.0483221476510067,0.0007729468599033812,1.0507757404795486,0.03199141170155663,0.5
freeze,OUTCOME=LOSS,0.012989801395598497,0.5240363793850151,1.0480727587700303,0.0005958132045088566,1.0505004549590535,0.02478797638217928,0.5
"fisherman, hunter-ev1, monk",OUTCOME=LOSS,0.012581857219538379,0.5236818588025022,1.0473637176050044,0.0005689747718733221,1.049718574108818,0.024025764895330114,0.5
"fisherman, monk",OUTCOME=LOSS,0.014278046162104133,0.5227987421383647,1.0455974842767295,0.0006226516371443912,1.0477759472817132,0.027310789049919484,0.5
"fisherman, hunter-ev1, the-log",OUTCOME=LOSS,0.01637144390767579,0.5227973945834762,1.0455947891669524,0.0007139023081052069,1.0477729885057472,0.03131508319914117,0.5
"hunter-ev1, royal-giant-ev1",OUTCOME=LOSS,0.01786366076221149,0.5227772541627396,1.0455545083254791,0.0007783145464304898,1.0477287689269257,0.034170692431562,0.5
"fisherman, lightning",OUTCOME=LOSS,0.016500268384326354,0.5226113566814009,1.0452227133628018,0.0007139023081052069,1.0473646723646723,0.031572732152442294,0.5
"ice-wizard, poison",OUTCOME=LOSS,0.010359634997316156,0.5221861471861471,1.0443722943722942,0.00044015029522275796,1.04643261608154,0.019838969404186797,0.5
"fisherman, monk, the-log",OUTCOME=LOSS,0.012635534084809446,0.5221827861579414,1.044365572315883,0.0005367686527106806,1.0464252553389044,0.02419753086419753,0.5
"royal-giant-ev1, the-log",OUTCOME=LOSS,0.02219001610305958,0.5221015407931296,1.0442030815862593,0.0009393451422436937,1.046247357293869,0.042501341921631776,0.5
"barbarian-barrel, graveyard",OUTCOME=LOSS,0.012860976918947933,0.5220043572984749,1.0440087145969499,0.0005421363392377875,1.046034639927074,0.02463768115942029,0.5
mega-knight-ev1,OUTCOME=LOSS,0.030767579173376275,0.5219450009105809,1.0438900018211619,0.0012936124530327428,1.045904761904762,0.058947933440687064,0.5
"electro-spirit, fisherman",OUTCOME=LOSS,0.0221256038647343,0.5212443095599393,1.0424886191198786,0.0009017713365539436,1.0443740095087162,0.04244766505636071,0.5
"fisherman, royal-giant-ev1, the-log",OUTCOME=LOSS,0.021009125067096082,0.5210330138445155,1.042066027689031,0.0008480944712828779,1.0439132851584214,0.04032206119162641,0.5
"electro-spirit, fisherman, the-log",OUTCOME=LOSS,0.02015029522275899,0.5209547599222869,1.0419095198445738,0.0008105206655931278,1.0437427578215526,0.038679549114331725,0.5
"fisherman, hunter-ev1, royal-giant-ev1",OUTCOME=LOSS,0.01755233494363929,0.5208665179993629,1.0417330359987258,0.0007031669350509931,1.0435505319148937,0.033698336017176596,0.5
"hog-rider, ice-spirit-ev1",OUTCOME=LOSS,0.015018786902844874,0.5208488458674609,1.0416976917349219,0.0006011808910359635,1.0435120435120435,0.028835212023617822,0.5
"earthquake, ice-spirit-ev1, skeletons",OUTCOME=LOSS,0.010123456790123457,0.5207067918277195,1.041413583655439,0.0004025764895330113,1.0432027649769586,0.019441760601180892,0.5
"goblin-hut, hog-rider, skeletons",OUTCOME=LOSS,0.010144927536231883,0.5206611570247934,1.0413223140495869,0.0004025764895330113,1.043103448275862,0.019484702093397744,0.5
"fisherman, the-log",OUTCOME=LOSS,0.021846484165324746,0.5205935021744692,1.0411870043489384,0.0008641975308642004,1.0429562433297759,0.04196457326892109,0.5
"hog-rider, ice-spirit",OUTCOME=LOSS,0.012002147074610843,0.5204841713221601,1.0409683426443201,0.0004723564143853994,1.0427184466019417,0.023059581320450887,0.5
royal-giant-ev1,OUTCOME=LOSS,0.02578636607622115,0.5204767063921993,1.0409534127843987,0.0010144927536231904,1.0427022141888838,0.04954374664519592,0.5
"skeletons, the-log, witch-ev1",OUTCOME=LOSS,0.016060118089103598,0.5201668984700974,1.040333796940195,0.0006226516371443929,1.0420289855072467,0.03087493290391841,0.5
"electro-spirit, hunter-ev1",OUTCOME=LOSS,0.01757380568974772,0.520012706480305,1.04002541296061,0.0006763285024154603,1.041694242223693,0.03379495437466452,0.5
"hog-rider, ice-spirit-ev1, the-log",OUTCOME=LOSS,0.014557165861513687,0.5199386503067485,1.039877300613497,0.0005582393988191083,1.0415335463258786,0.027997852925389158,0.5
"electro-spirit, fisherman, hunter-ev1",OUTCOME=LOSS,0.01711218464841653,0.5198956294846705,1.039791258969341,0.0006548577563070292,1.0414402173913042,0.032914653784219004,0.5
"arrows, flying-machine, goblin-cage-ev1",OUTCOME=LOSS,0.02254428341384863,0.5198019801980198,1.0396039603960396,0.0008588298443370918,1.041237113402062,0.04337090713902308,0.5
"barbarian-barrel, graveyard, poison",OUTCOME=LOSS,0.01214170692431562,0.5197610294117647,1.0395220588235294,0.0004616210413311856,1.0411483253588516,0.023360171765968867,0.5
"fisherman, skeletons, the-log",OUTCOME=LOSS,0.011808910359634998,0.5196032120925839,1.0392064241851677,0.0004455179817498666,1.0408062930186825,0.022726784755770262,0.5
"electro-spirit, fisherman, royal-giant-ev1",OUTCOME=LOSS,0.021599570585077832,0.5194939323521818,1.0389878647043636,0.0008105206655931313,1.0405695862439548,0.0415780998389694,0.5
monk,OUTCOME=LOSS,0.02440150295222759,0.5194241316270567,1.0388482632541134,0.0009125067096081609,1.0404184498335711,0.04697799248523886,0.5
"electro-spirit, hunter-ev1, royal-giant-ev1",OUTCOME=LOSS,0.01706924315619968,0.519268451992162,1.038536903984324,0.000633387010198605,1.0400815217391304,0.03287171229200215,0.5
bowler,OUTCOME=LOSS,0.028438003220611918,0.5192081536652293,1.0384163073304586,0.001052066559312937,1.0399510803098246,0.05477187332259796,0.5
"fisherman, royal-giant-ev1",OUTCOME=LOSS,0.02342458400429415,0.5190294957183634,1.0380589914367269,0.0008588298443370918,1.039564787339268,0.04513150831991412,0.5
"electro-spirit, royal-giant-ev1",OUTCOME=LOSS,0.022458400429414924,0.5187205554178032,1.0374411108356063,0.0008105206655931313,1.0388974755280784,0.043295759527643585,0.5
"royal-giant-ev1, skeletons, the-log",OUTCOME=LOSS,0.012152442297369833,0.5185524507558406,1.037104901511681,0.00043478260869565105,1.038534728829686,0.023435319377348364,0.5
"cannon-ev1, the-log",OUTCOME=LOSS,0.021309715512614062,0.5184121180464872,1.0368242360929745,0.0007568438003220587,1.0382321041214748,0.04110574342458401,0.5
"electro-spirit, royal-giant-ev1, the-log",OUTCOME=LOSS,0.0204723564143854,0.5183473770046209,1.0366947540092417,0.0007246376811594207,1.0380925507900678,0.03949543746645196,0.5
"lightning, skeletons, witch-ev1",OUTCOME=LOSS,0.015738056897477187,0.5180212014134276,1.0360424028268551,0.0005475040257648944,1.0373900293255132,0.030381105743424584,0.5
arrows,OUTCOME=LOSS,0.18950080515297907,0.5177298724153102,1.0354597448306204,0.006489533011272142,1.0367633643495713,0.36602254428341385,0.5
"giant-snowball-ev1, guards",OUTCOME=LOSS,0.0268491680085883,0.5174839644113387,1.0349679288226774,0.0009071390230810522,1.0362349914236706,0.051884057971014495,0.5
"fisherman, hunter-ev1",OUTCOME=LOSS,0.018132045088566827,0.5174632352941176,1.0349264705882353,0.0006119162640901774,1.036190476190476,0.0350402576489533,0.5
"goblin-hut, hog-rider, ice-spirit-ev1",OUTCOME=LOSS,0.010520665593129362,0.5174234424498416,1.0348468848996832,0.00035426731078905087,1.0361050328227572,0.020332796564680622,0.5
"goblin-hut, hog-rider",OUTCOME=LOSS,0.012195383789586688,0.5170687300864816,1.0341374601729632,0.0004025764895330113,1.0353440150801132,0.023585614600107354,0.5
"berserker, witch-ev1",OUTCOME=LOSS,0.01500805152979066,0.5170118343195266,1.0340236686390532,0.0004938271604938271,1.0352220520673812,0.029028448738593667,0.5
"the-log, valkyrie-ev1",OUTCOME=LOSS,0.015759527643585614,0.5161744022503516,1.0323488045007032,0.0004938271604938271,1.0334302325581395,0.030531400966183574,0.5
skeleton-king,OUTCOME=LOSS,0.031207729468599035,0.516066039410616,1.032132078821232,0.0009715512614063351,1.0331988261188554,0.0604723564143854,0.5
"mighty-miner, wall-breakers-ev1",OUTCOME=LOSS,0.010907139023081052,0.515997968511935,1.03199593702387,0.00033816425120773014,1.0330535152151104,0.021137949543746645,0.5
"berserker, goblin-hut, witch-ev1",OUTCOME=LOSS,0.014396135265700483,0.5157692307692308,1.0315384615384615,0.0004401502952227597,1.0325655281969817,0.027911969940955447,0.5
"royal-hogs, the-log",OUTCOME=LOSS,0.01707997852925389,0.5157212317666126,1.031442463533225,0.0005206655931293581,1.0324631860776436,0.03311862587224906,0.5
"arrows, mega-knight-ev1",OUTCOME=LOSS,0.017391304347826087,0.5155951623169955,1.031190324633991,0.0005260332796564668,1.0321944809461234,0.03373054213633924,0.5
"lightning, the-log, witch-ev1",OUTCOME=LOSS,0.019001610305958132,0.5155840372851733,1.0311680745703466,0.0005743424584004307,1.0321707757065544,0.036854535695115404,0.5
"ice-spirit-ev1, skeletons, witch-ev1",OUTCOME=LOSS,0.013730542136339239,0.5155179363160016,1.0310358726320032,0.00041331186258722515,1.0320299500831946,0.026634460547504027,0.5
"goblin-hut, hog-rider, the-log",OUTCOME=LOSS,0.011336553945249597,0.5153733528550511,1.0307467057101023,0.0003381642512077284,1.0317220543806644,0.021996779388083736,0.5
wall-breakers,OUTCOME=LOSS,0.02650563607085346,0.5153412648716342,1.0306825297432685,0.0007890499194847002,1.0316537467700257,0.05143317230273752,0.5
"barbarian-barrel, ice-wizard",OUTCOME=LOSS,0.012313472893183039,0.5152740341419587,1.0305480682839174,0.0003650026838432647,1.0315106580166822,0.023896940418679548,0.5
"berserker, skeletons, witch-ev1",OUTCOME=LOSS,0.013515834675254966,0.515139116202946,1.030278232405892,0.0003972088030059044,1.031223628691983,0.026237251744498123,0.5
"arrows, goblin-cage-ev1",OUTCOME=LOSS,0.026398282340311326,0.5150816925010473,1.0301633850020946,0.0007729468599033812,1.0311015118790496,0.05125067096081589,0.5
"arrows, flying-machine",OUTCOME=LOSS,0.032710681696188945,0.5148698884758365,1.029739776951673,0.0009447128287708023,1.0306513409961686,0.06353193773483629,0.5
"ice-spirit-ev1, lightning, witch-ev1",OUTCOME=LOSS,0.01379495437466452,0.514823717948718,1.029647435897436,0.0003972088030059044,1.0305532617671347,0.02679549114331723,0.5
"ice-spirit-ev1, the-log, witch-ev1",OUTCOME=LOSS,0.013837895866881373,0.5145708582834331,1.0291417165668661,0.0003918411164787975,1.030016447368421,0.02689210950080515,0.5
dart-goblin,OUTCOME=LOSS,0.019151905528717122,0.5145659071243149,1.0291318142486299,0.0005421363392377893,1.0300059417706475,0.037219538378958666,0.5
"arrows, goblin-gang, wall-breakers-ev1",OUTCOME=LOSS,0.015297906602254429,0.5144404332129964,1.0288808664259927,0.0004294149221685459,1.0297397769516727,0.029736983360171765,0.5
"electro-spirit, fisherman, skeletons",OUTCOME=LOSS,0.011862587224906065,0.5144320297951582,1.0288640595903165,0.0003327965646806215,1.0297219558964523,0.023059581320450887,0.5
"arrows, goblin-gang",OUTCOME=LOSS,0.0390552871712292,0.5140596297866328,1.0281192595732656,0.001068169618894256,1.0289328293108462,0.07597423510466988,0.5
"berserker, lightning, witch-ev1",OUTCOME=LOSS,0.014353193773483628,0.5140330642060745,1.028066128412149,0.0003918411164787975,1.028876582278481,0.02792270531400966,0.5
"berserker, the-log, witch-ev1",OUTCOME=LOSS,0.01406333870101986,0.5139270302079246,1.0278540604158493,0.0003811057434245837,1.0286521388216303,0.027364465915190553,0.5
hunter-ev1,OUTCOME=LOSS,0.022995169082125604,0.5137922763252579,1.0275845526505158,0.000617283950617286,1.0283670448939322,0.044755770263016637,0.5
"earthquake, ice-spirit-ev1",OUTCOME=LOSS,0.011808910359634998,0.5137786081270435,1.027557216254087,0.0003166935050993025,1.0283381364073008,0.02298443370907139,0.5
"goblin-hut, the-log, witch-ev1",OUTCOME=LOSS,0.016435856146001075,0.513758389261745,1.02751677852349,0.0004401502952227597,1.028295376121463,0.03199141170155663,0.5
"goblin-machine, rage",OUTCOME=LOSS,0.048760064412238326,0.5133943709732113,1.0267887419464226,0.0012721417069243152,1.0275261324041813,0.09497584541062802,0.5
"fisherman, royal-giant-ev1, skeletons",OUTCOME=LOSS,0.012163177670424047,0.5133665609424558,1.0267331218849116,0.0003166935050993025,1.0274674115456237,0.02369296833064949,0.5
"berserker, ice-spirit-ev1, witch-ev1",OUTCOME=LOSS,0.013623188405797102,0.5133495145631068,1.0266990291262137,0.00035426731078905087,1.0274314214463842,0.026537842190016103,0.5
"goblin-hut, lightning, witch-ev1",OUTCOME=LOSS,0.0159849704777241,0.5130944176430048,1.0261888352860096,0.00040794417606011824,1.0268931351733899,0.031154052603327965,0.5
"earthquake, ice-spirit-ev1, the-log",OUTCOME=LOSS,0.011615673644659152,0.5127962085308057,1.0255924170616113,0.00028985507246376795,1.0262645914396886,0.02265163714439077,0.5
"berserker, goblin-hut",OUTCOME=LOSS,0.02109500805152979,0.5127870563674322,1.0255741127348643,0.0005260332796564668,1.026245313336904,0.041137949543746645,0.5
mighty-miner,OUTCOME=LOSS,0.024970477724100913,0.5121092029942756,1.0242184059885513,0.0005904455179817497,1.0248194945848375,0.048760064412238326,0.5
"poison, the-log",OUTCOME=LOSS,0.011583467525496511,0.5121025154247746,1.0242050308495492,0.0002737520128824472,1.0248054474708173,0.022619431025228127,0.5
"goblin-hut, witch-ev1",OUTCOME=LOSS,0.02337090713902308,0.511994355597366,1.023988711194732,0.0005475040257648944,1.024578313253012,0.04564680622651637,0.5
"barbarian-barrel, poison",OUTCOME=LOSS,0.01352657004830918,0.5119869971556278,1.0239739943112556,0.0003166935050993025,1.0245628642797668,0.026419753086419754,0.5
"hunter-ev1, skeletons, the-log",OUTCOME=LOSS,0.01010198604401503,0.5116911364872213,1.0233822729744426,0.00023081052066559367,1.0239420935412027,0.019742351046698872,0.5
"arrows, wall-breakers-ev1",OUTCOME=LOSS,0.016736446591519055,0.5116508040695765,1.023301608139153,0.00038110574342458195,1.0238575268817203,0.032710681696188945,0.5
cannon-ev1,OUTCOME=LOSS,0.027546967257112184,0.5115629984051037,1.0231259968102073,0.0006226516371443912,1.0236734693877552,0.053848631239935586,0.5
boss-bandit,OUTCOME=LOSS,0.06847020933977456,0.511467522052927,1.022935044105854,0.001535158346752552,1.023473407747866,0.13387010198604402,0.5
"lightning, the-log",OUTCOME=LOSS,0.03599570585077831,0.5113619033094403,1.0227238066188806,0.000799785292538914,1.0232521847690388,0.0703918411164788,0.5
"goblin-hut, skeletons, witch-ev1",OUTCOME=LOSS,0.0150402576489533,0.5113138686131387,1.0226277372262773,0.0003327965646806215,1.0231516056758774,0.029414922168545358,0.5
"royal-giant-ev1, skeletons",OUTCOME=LOSS,0.012925389157273216,0.5112526539278133,1.0225053078556265,0.00028448738593666277,1.0230234578627282,0.025281803542673106,0.5
goblin-machine,OUTCOME=LOSS,0.0536983360171766,0.5112428454619787,1.0224856909239575,0.0011808910359634994,1.0230029276453367,0.1050348899624262,0.5
royal-delivery,OUTCOME=LOSS,0.01202361782071927,0.5109489051094891,1.0218978102189782,0.0002576489533011282,1.0223880597014927,0.023531937734836285,0.5
goblins,OUTCOME=LOSS,0.013569511540526033,0.5109135004042037,1.0218270008084074,0.00028985507246376795,1.0223140495867769,0.02655931293612453,0.5
"ice-spirit-ev1, witch-ev1",OUTCOME=LOSS,0.015405260332796565,0.5108579565681738,1.0217159131363476,0.0003274288781535163,1.0221979621542943,0.030155662909286098,0.5
"cannon-ev1, earthquake",OUTCOME=LOSS,0.010799785292538916,0.5106598984771574,1.0213197969543149,0.00022544283413848676,1.0217842323651454,0.02114868491680086,0.5
poison,OUTCOME=LOSS,0.03150831991411702,0.5103460267779517,1.0206920535559034,0.0006387546967257136,1.0211292613636365,0.06173913043478261,0.5
"lightning, skeletons, the-log",OUTCOME=LOSS,0.024143853998926462,0.5100929916080744,1.0201859832161488,0.00047772410091250633,1.0206018518518518,0.04733225979602791,0.5
"fisherman, skeletons",OUTCOME=LOSS,0.014782608695652174,0.51,1.02,0.00028985507246376795,1.0204081632653061,0.028985507246376812,0.5
"hog-rider, ice-spirit, the-log",OUTCOME=LOSS,0.011154052603327965,0.5098135426889107,1.0196270853778213,0.00021470746108427294,1.02002002002002,0.021878690284487384,0.5
"electro-spirit, royal-giant-ev1, skeletons",OUTCOME=LOSS,0.012066559312936124,0.509750566893424,1.019501133786848,0.00023081052066559193,1.0198889916743756,0.023671497584541065,0.5
"cannon-ev1, earthquake, the-log",OUTCOME=LOSS,0.010542136339237788,0.5093360995850622,1.0186721991701244,0.0001932367149758453,1.0190274841437632,0.020697799248523885,0.5
fisherman,OUTCOME=LOSS,0.03814278046162104,0.508807102964342,1.017614205928684,0.0006602254428341378,1.0179300291545188,0.0749651100375738,0.5
"arrows, goblin-machine",OUTCOME=LOSS,0.04821256038647343,0.5087798799139006,1.0175597598278012,0.0008319914117015589,1.0178736162361626,0.09476113794954374,0.5
"arrows, rage",OUTCOME=LOSS,0.056081588835212026,0.508666017526777,1.017332035053554,0.0009554482018250127,1.017637732857709,0.11025228126677403,0.5
"arrows, goblin-machine, rage",OUTCOME=LOSS,0.044863123993558775,0.5085797736400146,1.0171595472800292,0.0007568438003220587,1.0174591381872213,0.08821256038647343,0.5
"goblin-hut, ice-spirit-ev1, witch-ev1",OUTCOME=LOSS,0.015061728395061728,0.5079652425778421,1.0159304851556843,0.00023617820719269884,1.0161883738042679,0.02965110037573806,0.5
goblin-cage-ev1,OUTCOME=LOSS,0.03607085346215781,0.5074762120525601,1.0149524241051202,0.0005314009661835789,1.0151793928242872,0.07107890499194847,0.5
"cannon-ev1, skeletons, the-log",OUTCOME=LOSS,0.012989801395598497,0.5067001675041876,1.0134003350083751,0.00017176596886741766,1.0135823429541595,0.02563607085346216,0.5
fireball,OUTCOME=LOSS,0.052775093934514225,0.5066996495567925,1.013399299113585,0.0006977992485238879,1.013581278729628,0.10415458937198067,0.5
skeletons-ev1,OUTCOME=LOSS,0.028427267847557704,0.506600344365793,1.013200688731586,0.0003703703703703716,1.0133772780147345,0.056113794954374664,0.5
"hunter-ev1, royal-giant-ev1, skeletons",OUTCOME=LOSS,0.010338164251207729,0.5065754865860073,1.0131509731720145,0.00013419216317766929,1.0133262260127929,0.02040794417606012,0.5
electro-spirit,OUTCOME=LOSS,0.0522061191626409,0.5065097385688991,1.0130194771377983,0.0006709608158883551,1.0131912199240187,0.1030703166935051,0.5
"goblin-gang, valkyrie-ev1",OUTCOME=LOSS,0.011358024691358024,0.5064624222115844,1.0129248444231689,0.0001449275362318831,1.0130940834141609,0.022426194310252282,0.5
"berserker, goblin-hut, lightning",OUTCOME=LOSS,0.016124530327428877,0.5064059339177344,1.0128118678354687,0.00020397208803005912,1.0129781420765027,0.031841116478797636,0.5
"berserker, goblin-hut, the-log",OUTCOME=LOSS,0.016714975845410627,0.5061768530559168,1.0123537061118335,0.00020397208803005912,1.012508229098091,0.033022007514761136,0.5
"electro-spirit, hunter-ev1, skeletons",OUTCOME=LOSS,0.01010198604401503,0.5056421278882322,1.0112842557764643,0.00011272141706924338,1.0114130434782609,0.019978529253891573,0.5
"berserker, goblin-hut, skeletons",OUTCOME=LOSS,0.01497584541062802,0.5056179775280899,1.0112359550561798,0.00016639828234031075,1.0113636363636365,0.029618894256575417,0.5
guards,OUTCOME=LOSS,0.08230810520665593,0.5052388797364086,1.0104777594728171,0.0008534621578099866,1.010588705380927,0.1629092860976919,0.5
"goblin-hut, ice-spirit-ev1, skeletons",OUTCOME=LOSS,0.01973161567364466,0.5050838142346799,1.0101676284693597,0.00019860440150295047,1.0102720710716269,0.039066022544283416,0.5
"guards, the-log",OUTCOME=LOSS,0.01674718196457327,0.505017805114924,1.010035610229848,0.00016639828234031248,1.0101373446697188,0.03316156736446591,0.5
"goblin-hut, ice-spirit-ev1, lightning",OUTCOME=LOSS,0.01571658615136876,0.5046535677352637,1.0093071354705274,0.0001449275362318831,1.0093945720250521,0.03114331723027375,0.5
"cannon-ev1, skeletons",OUTCOME=LOSS,0.013666129898013956,0.5045580657946889,1.0091161315893777,0.0001234567901234572,1.0092,0.027085346215780997,0.5
"goblin-hut, lightning, skeletons",OUTCOME=LOSS,0.01559849704777241,0.5045138888888889,1.0090277777777779,0.00013955984970477793,1.0091100210231254,0.030917874396135265,0.5
giant-snowball-ev1,OUTCOME=LOSS,0.04459473966720343,0.5038204972710734,1.0076409945421467,0.00033816425120773014,1.0076998288926913,0.0885131508319914,0.5
"ice-spirit-ev1, lightning, the-log",OUTCOME=LOSS,0.015780998389694042,0.5037697052775874,1.0075394105551747,0.00011808910359634855,1.0075966850828728,0.03132581857219539,0.5
"goblin-hut, lightning, the-log",OUTCOME=LOSS,0.018443370907139024,0.5036646144825565,1.007329228965113,0.00013419216317767102,1.007383343177791,0.036618357487922706,0.5
"lightning, skeletons",OUTCOME=LOSS,0.028845947396672036,0.503466366872775,1.00693273374555,0.00019860440150295394,1.0069811320754718,0.057294685990338164,0.5
"berserker, lightning, skeletons",OUTCOME=LOSS,0.01488996242619431,0.503448275862069,1.006896551724138,0.00010198604401502956,1.0069444444444444,0.02957595276435856,0.5
"goblin-hut, ice-spirit-ev1, the-log",OUTCOME=LOSS,0.021320450885668276,0.503294475418145,1.00658895083629,0.0001395598497047762,1.0066326530612246,0.042361782071927,0.5
balloon,OUTCOME=LOSS,0.02844873859366613,0.503037205770691,1.006074411541382,0.00017176596886742113,1.0061115355233003,0.05655394524959742,0.5
"berserker, goblin-hut, ice-spirit-ev1",OUTCOME=LOSS,0.015555555555555555,0.5029503644567859,1.0059007289135717,9.125067096081574e-05,1.0059357541899443,0.03092860976918948,0.5
"berserker, ice-spirit-ev1, the-log",OUTCOME=LOSS,0.015577026301663983,0.5027720027720027,1.0055440055440055,8.588298443370883e-05,1.005574912891986,0.030982286634460548,0.5
"berserker, lightning, the-log",OUTCOME=LOSS,0.015845410628019325,0.5025536261491318,1.0051072522982636,8.051529790660192e-05,1.0051334702258727,0.031529790660225446,0.5
"berserker, ice-spirit-ev1, skeletons",OUTCOME=LOSS,0.01482555018786903,0.50254730713246,1.00509461426492,7.514761137949674e-05,1.0051207022677395,0.029500805152979065,0.5
"berserker, ice-spirit-ev1, lightning",OUTCOME=LOSS,0.015147611379495437,0.5024928774928775,1.004985754985755,7.514761137949501e-05,1.0050107372942019,0.030144927536231884,0.5
"fisherman, hunter-ev1, skeletons",OUTCOME=LOSS,0.010338164251207729,0.5023474178403755,1.004694835680751,4.830917874396046e-05,1.0047169811320753,0.020579710144927536,0.5
the-log,OUTCOME=LOSS,0.16241545893719805,0.5021741295183721,1.0043482590367443,0.0007031669350509862,1.0043672489665287,0.32342458400429414,0.5
"ice-spirit-ev1, lightning",OUTCOME=LOSS,0.016414385399892647,0.5019697964543665,1.003939592908733,6.441223832528292e-05,1.0039551746868822,0.03269994632313473,0.5
"ice-spirit-ev1, skeletons",OUTCOME=LOSS,0.03028448738593666,0.5019572953736654,1.0039145907473308,0.00011808910359634855,1.0039299749910682,0.06033279656468062,0.5
"ice-spirit-ev1, lightning, skeletons",OUTCOME=LOSS,0.015147611379495437,0.501778093883357,1.003556187766714,5.367686527106737e-05,1.003568879371877,0.03018786902844874,0.5
"electro-dragon-ev1, tornado",OUTCOME=LOSS,0.015888352120236177,0.5016949152542373,1.0033898305084745,5.367686527106563e-05,1.0034013605442176,0.03166935050993022,0.5
zap,OUTCOME=LOSS,0.02241545893719807,0.501561374009128,1.003122748018256,6.97799248523881e-05,1.0031325301204819,0.04469135802469136,0.5
"goblin-hut, skeletons",OUTCOME=LOSS,0.023113258185721953,0.5015140927090612,1.0030281854181224,6.97799248523881e-05,1.00303738317757,0.04608695652173913,0.5
"hunter-ev1, skeletons",OUTCOME=LOSS,0.010907139023081052,0.5014807502467917,1.0029615004935835,3.220611916264146e-05,1.002970297029703,0.021749865807836822,0.5
"goblin-hut, skeletons, the-log",OUTCOME=LOSS,0.020901771336553944,0.5009004373552868,1.0018008747105736,3.7573805689746637e-05,1.00180412371134,0.041728395061728395,0.5
skeletons,OUTCOME=LOSS,0.08325281803542674,0.5008395763368639,1.0016791526737279,0.00013955984970479007,1.001681976969854,0.1662265163714439,0.5
"berserker, ice-spirit-ev1",OUTCOME=LOSS,0.016167471819645732,0.5008313934153641,1.0016627868307282,2.6838432635532816e-05,1.0016655562958028,0.0322812667740204,0.5
"boss-bandit, ice-spirit",OUTCOME=LOSS,0.011379495437466452,0.5007085498346717,1.0014170996693434,1.610305958132073e-05,1.0014191106906338,0.022726784755770262,0.5
"royal-hogs, skeletons, the-log",OUTCOME=LOSS,0.013548040794417605,0.5005950019833398,1.0011900039666797,1.6103059581318996e-05,1.001191421763304,0.027063875469672573,0.5
"electro-spirit, the-log",OUTCOME=LOSS,0.03748792270531401,0.5005733944954128,1.0011467889908257,4.294149221685528e-05,1.0011481056257174,0.0748899624261943,0.5
"goblin-hut, ice-spirit-ev1",OUTCOME=LOSS,0.02362855609232421,0.5004547521600727,1.0009095043201455,2.147074610842764e-05,1.000910332271279,0.04721417069243156,0.5
archers-ev1,OUTCOME=LOSS,0.02421900161030596,0.5004436557231589,1.0008873114463177,2.147074610842764e-05,1.0008880994671403,0.04839506172839506,0.5
"boss-bandit, wall-breakers-ev1",OUTCOME=LOSS,0.014471282877079978,0.5003711952487008,1.0007423904974015,1.073537305421382e-05,1.00074294205052,0.02892109500805153,0.5
"ice-spirit, skeletons",OUTCOME=LOSS,0.01488996242619431,0.5003607503607503,1.0007215007215007,1.073537305421382e-05,1.0007220216606498,0.029758454106280193,0.5
"royal-hogs, skeletons",OUTCOME=LOSS,0.013762748255501878,0.500195083886071,1.000390167772142,5.36768652710691e-06,1.0003903200624513,0.027514761137949543,0.5
